code,system
SP08N00,readv2
7B00600,readv2
7800400,readv2
7830100,readv2
SP08100,readv2
ZV42.11,readv2
9b93000,readv2
7K1Q.11,readv2
SP08200,readv2
7800100,readv2
7800112,readv2
7805211,readv2
7800,readv2
7800111,readv2
7800z00,readv2
ZV42700,readv2
7800200,readv2
7B00211,readv2
7B00300,readv2
7B00200,readv2
7B00400,readv2
7B00212,readv2
7450100,readv2
7450000,readv2
8C31.00,readv2
7245800,readv2
7842000,readv2
7830300,readv2
7125,readv2
ZV42600,readv2
ZV42500,readv2
7243600,readv2
9b8K.00,readv2
7450,readv2
8HBB.00,readv2
7H30z00,readv2
7450z00,readv2
764C.00,readv2
ZV42y11,readv2
7B00111,readv2
7B00100,readv2
7B00000,readv2
ZV42000,readv2
7B00.00,readv2
7B00z00,readv2
7B01511,readv2
SP08P00,readv2
7901000,readv2
7900z00,readv2
7900,readv2
7901100,readv2
7901500,readv2
7901300,readv2
7900000,readv2
ZV59600,readv2
ZV42100,readv2
7901z00,readv2
7901,readv2
K0B5.00,readv2
Kyu1C00,readv2
TB00000,readv2
TB00100,readv2
TB00111,readv2
TB00200,readv2
7L02z00,readv2
7L02.00,readv2
7901y00,readv2
7800y00,readv2
7450y00,readv2
7B00y00,readv2
ZV42y12,readv2
7830,readv2
7830200,readv2
7830z00,readv2
7L14500,readv2
7L14700,readv2
SP08D00,readv2
SP08R00,readv2
SP08J00,readv2
7B0F.00,readv2
7B0Fy00,readv2
7B0Fz00,readv2
SP08H00,readv2
SP08E00,readv2
SP08F00,readv2
SP08G00,readv2
7B0F300,readv2
7B0F400,readv2
SP08600,readv2
SP08400,readv2
SP08500,readv2
SP08000,readv2
SP08300,readv2
ZV42.00,readv2
ZV42y00,readv2
ZV42z00,readv2
ZV42.12,readv2
7800000,readv2
7800500,readv2
SP08z00,readv2
SP...18,readv2
SP08W00,readv2
SP08.00,readv2